name,platform,category,base,downloads,rating,specialty,hardware,architecture,style,usecase,quality,modality,created_at,trending_score,popularity_score,source,lastUpdated,verified,subtitle,description,primaryUseCase,keyFeatures,performance,recommendedSettings,creator,license,modelSize,trainingDataset
FLUX.1 Dev,Fal.ai,Text-to-Image,FLUX,20K,4.8,High Quality Generation,24GB VRAM,Rectified Flow Transformer,artistic,concept,high,text-to-image,2024-08-01,95,45000,fal.ai,2024-12-15,True,12B parameter flow transformer,High-quality text-to-image generation suitable for personal and commercial use,Professional image generation,Fast inference speed commercial use,High quality fast generation,$0.025 per megapixel,Black Forest Labs,Apache-2.0,12B,Curated high-quality datasets
FLUX.1 Schnell,Fal.ai,Text-to-Image,FLUX,15K,4.7,Ultra-Fast Generation,16GB VRAM,Rectified Flow Transformer,artistic,concept,high,text-to-image,2024-08-01,88,40000,fal.ai,2024-12-15,True,Ultra-fast FLUX variant,Ultra-fast text-to-image generation in 1-4 steps,Speed-optimized generation,Sub-second generation commercial use,Ultra-fast 1-4 steps,$0.003 per megapixel,Black Forest Labs,Apache-2.0,12B,Curated high-quality datasets
Flux Kontext Trainer,Fal.ai,Training,FLUX,8K,4.0,Reference Training,24GB VRAM,FLUX,training,training,production,training,2024-10-20,40,813,fal.ai,2024-12-15,True,LoRA trainer for FLUX.1 Kontext,Reference-guided LoRA training for FLUX models,Reference-guided training,Image pair training commercial use,Reference training pipeline,$2.5 per 1000 steps,Fal.ai,Apache-2.0,Training,User-provided image pairs
AuraFlow,Fal.ai,Text-to-Image,Open Source,5K,4.3,Flow-based Generation,16GB VRAM,Flow Transformer,artistic,concept,standard,text-to-image,2024-09-15,65,8000,fal.ai,2024-12-15,True,Open-source flow-based model,Flow-based text-to-image generation model achieving state-of-the-art results,Open source flow generation,State-of-the-art GenEval results,Flow-based architecture,Free usage,AuraFlow Team,Open Source,6.8B,Mixed datasets
Stable Diffusion v1.5,Fal.ai,Text-to-Image,SD 1.5,2M+,4.2,Legacy Standard,8GB VRAM,UNet Diffusion,artistic,concept,standard,text-to-image,2022-10-21,45,95000,fal.ai,2024-12-15,True,Classic stable diffusion,Original Stable Diffusion v1.5 model,Legacy image generation,Wide compatibility ecosystem,Proven architecture,Free usage,RunwayML,CreativeML Open RAIL-M,860M,LAION-5B subset
Stable Diffusion 3.5 Large,Fal.ai,Text-to-Image,SD 3.x,25K,4.6,Advanced Diffusion,32GB VRAM,Multimodal Diffusion Transformer,artistic,concept,high,text-to-image,2024-10-29,75,35000,fal.ai,2024-12-15,True,Advanced multimodal transformer,Improved image quality typography and prompt understanding,Advanced text-to-image,Enhanced typography complex prompts,MMDiT architecture,Usage-based pricing,Stability AI,Stability AI License,8B,Enhanced training data
Stable Diffusion 3.5 Medium,Fal.ai,Text-to-Image,SD 3.x,18K,4.4,Balanced Performance,16GB VRAM,Multimodal Diffusion Transformer,artistic,concept,high,text-to-image,2024-10-29,68,28000,fal.ai,2024-12-15,True,Balanced MMDiT model,Resource-efficient version with good performance,Balanced generation,Good quality efficiency balance,MMDiT efficiency,Usage-based pricing,Stability AI,Stability AI License,2.5B,Enhanced training data
WAN-22 Image Trainer,Fal.ai,Training,WAN 2.2,12K,4.1,Style Training,24GB VRAM,WAN,training,training,production,training,2025-03-25,74,9741,fal.ai,2024-12-15,True,WAN 2.2 LoRA trainer,Fine-tune WAN 2.2 for subjects and styles with unprecedented detail,Style/subject training,Unprecedented detail commercial use,High-detail training,Per training session,Fal.ai,Apache-2.0,Training,User-provided images
Qwen-Image,Fal.ai,Text-to-Image,Qwen,18K,4.2,Text Rendering,16GB VRAM,Transformer,artistic,concept,standard,text-to-image,2025-03-09,52,4142,fal.ai,2024-12-15,True,Text rendering specialist,Advanced text rendering and precise image editing capabilities,Text integration,Complex text rendering precise editing,Text rendering focus,Usage-based pricing,Alibaba,Apache-2.0,7B,Text-focused datasets
LTX Video 13B Distilled,Fal.ai,Image-to-Video,LTX,3K,4.1,Video Generation,32GB VRAM,Transformer Video,video,concept,standard,image-to-video,2025-01-10,60,5000,fal.ai,2024-12-15,True,Distilled video model,Generate videos from prompts and images using LTX Video distilled model,Video generation,Custom LoRA support video generation,Distilled efficiency,Usage-based pricing,LightricksAI,Apache-2.0,13B,Licensed video data
Whisper,Fal.ai,Speech-to-Text,OpenAI,50K,4.9,Speech Transcription,4GB VRAM,Transformer ASR,audio,transcription,production,speech-to-text,2022-09-21,85,75000,fal.ai,2024-12-15,True,Speech transcription model,State-of-the-art speech recognition and translation,Speech transcription,Multi-language support translation,High accuracy,Free usage,OpenAI,MIT,1.5B,Multilingual speech data
Pony Diffusion V6 XL,Civitai,Checkpoint,SDXL,250.9M,4.2,Anime/Anthro/Furry,16GB VRAM,SDXL,anime,character,production,text-to-image,2025-01-26,40,73352,community,2024-12-15,True,Comprehensive anime/furry model,Most downloaded model with extensive character knowledge,Anime/furry generation,Massive LoRA ecosystem tag system,Comprehensive training,Free download,Purplesmart.ai,Open Source,6.6GB,Derpibooru + Danbooru
Illustrious XL v1.0,Civitai,Checkpoint,SDXL Kohaku,6.4M,4.9,Anime Illustration,16GB VRAM,SDXL Enhanced,anime,illustration,production,text-to-image,2025-03-11,90,61747,community,2024-12-15,True,Danbooru-trained anime model,Foundation anime model trained on comprehensive Danbooru dataset,Anime illustration,Native 1536x1536 Danbooru training,High-quality anime,Free download,OnomaAI Research,Fair AI Public License,6.6GB,Danbooru2023 + ArtStation
Illustrious XL v1.1,Civitai,Checkpoint,SDXL Illustrious,82K,4.9,Refined Anime,16GB VRAM,SDXL Enhanced,anime,illustration,production,text-to-image,2024-10-01,85,69389,community,2024-12-15,True,Enhanced Illustrious model,Refined version with improved quality and character coverage,Enhanced anime quality,Improved character coverage quality,Refined training,Free download,Community,Fair AI Public License,6.6GB,Enhanced Danbooru + ArtStation
NoobAI-XL V-Pred 1.0,Civitai,Checkpoint,SDXL Custom,3.3M,4.2,Comprehensive Anime,16GB VRAM,V-Prediction SDXL,anime,character,production,text-to-image,2025-07-25,37,42866,community,2024-12-15,True,V-prediction anime model,Comprehensive anime model with V-prediction parameterization,Comprehensive anime,V-pred parameterization booru training,V-prediction quality,Free download,NoobAI Team,NoobAI License,6.6GB,Full Danbooru + e621
NoobAI-XL EPS 1.1,Civitai,Checkpoint,SDXL Custom,3.2M,4.3,Anime + Natural Language,16GB VRAM,SDXL Custom,anime,character,production,text-to-image,2024-12-11,68,32126,community,2024-12-15,True,Natural language anime model,Anime model supporting both tags and natural language prompts,Anime natural language,Tag + natural language support,Dual prompting,Free download,NoobAI Team,NoobAI License,6.6GB,Danbooru + e621 + captions
DreamShaper XL,Civitai,Checkpoint,SDXL,275K,4.1,Photorealism,16GB VRAM,SDXL,realistic,photography,production,text-to-image,2025-03-13,65,6278,community,2024-12-15,True,Balanced realism model,High-quality photorealistic image generation with artistic balance,Balanced photorealism,Realism art balance versatility,Quality consistency,Free download,Lykon,Open Source,6.6GB,Photographic + artistic datasets
Anime Art Diffusion XL,Civitai,Checkpoint,SDXL,21K,4.6,Anime,16GB VRAM,SDXL,anime,art,standard,text-to-image,2025-02-26,45,7990,community,2024-12-15,True,SDXL anime specialist,Dedicated anime art generation model based on SDXL,Anime art generation,Anime-focused SDXL adaptation,Anime specialization,Free download,Community,Open Source,6.6GB,Anime art datasets
Anything V5,Civitai,Checkpoint,SD 1.5,2M+,4.9,Versatile Anime,8GB VRAM,SD 1.5,anime,character,production,text-to-image,2025-04-23,75,97365,community,2024-12-15,True,Most popular anime model,Classic versatile anime model with massive adoption,Versatile anime,Wide compatibility proven quality,Legacy reliability,Free download,Linaqruf,Open Source,4GB,Anime datasets
Counterfeit V3.0,Civitai,Checkpoint,SD 1.5,2.1M+,4.0,Stylized Anime,8GB VRAM,SD 1.5,anime,stylized,production,text-to-image,2025-08-10,70,96256,community,2024-12-15,True,Stylized anime classic,Semi-realistic anime with distinctive style and deep colors,Stylized anime,Semi-realistic distinctive style,Consistent output,Free download,gsdf,Open Source,4GB,Stylized anime datasets
YesMix,Civitai,Checkpoint,SD 1.5,1.3K,4.2,Anime NSFW,8GB VRAM,SD 1.5,anime,nsfw,production,text-to-image,2024-10-16,35,72377,community,2024-12-15,True,NSFW anime model,Specialized model for NSFW anime content generation,NSFW anime generation,NSFW content specialized training,Adult content,Free download,Community,Open Source,4GB,NSFW anime datasets
Hassaku XL,Civitai,Checkpoint,Illustrious XL,53.8K,4.9,Bright Anime Style,16GB VRAM,Illustrious Derivative,anime,illustration,production,text-to-image,2025-07-25,95,50000,community,2024-12-15,True,Bright anime specialist,Community favorite with bright distinctive anime style,Bright anime style,Overwhelmingly positive reviews bright colors,Bright style quality,Free download,Ikena,Illustrious License,6.6GB,Illustrious + custom training
iLustMix,Civitai,Checkpoint,Illustrious XL,25.7K,4.8,Semi-Realistic Anime,16GB VRAM,Illustrious Merge,anime,semi-realistic,production,text-to-image,2025-08-14,88,40000,community,2024-12-15,True,Semi-realistic anime blend,Underground hit blending anime with semi-realistic elements,Semi-realistic anime,Underground hit ADetailer integration,Semi-realistic quality,Free download,GZees,Illustrious License,6.6GB,Illustrious + realistic datasets
CyberRealistic Pony,Civitai,Checkpoint,Pony XL,40.2K,4.8,Realistic Anthro,16GB VRAM,Pony Hybrid,realistic,anthropomorphic,production,text-to-image,2025-08-11,85,45000,community,2024-12-15,True,Realistic anthropomorphic,Blend of Pony charm with photorealistic quality,Realistic anthropomorphic,Pony realism blend overwhelming positive,Hybrid quality,Free download,Cyberdelia,CreativeML Open RAIL++,6.6GB,Pony + photorealistic datasets
Styles For Pony V6 XL,Civitai,LoRA,Pony,11.2M,4.9,Style Adaptation,Any GPU 6GB+,Pony,artistic,style,production,lora,2025-01-14,57,5815,community,2024-12-15,True,Comprehensive style pack,Massive collection of style adaptations for Pony models,Style adaptation,Comprehensive style collection community favorite,Style versatility,Free download,Community,Open Source,200MB,Style-focused datasets
Character LoRAs,Civitai,LoRA,Various,Varies,4.3,Specific Characters,Any GPU 6GB+,Various,anime,character,production,lora,2024-11-25,69,87027,community,2024-12-15,True,Character LoRA collection,Comprehensive collection of character-specific LoRAs,Character generation,Specific character consistency accuracy,Character accuracy,Free download,Community,Open Source,Varies,Character-specific datasets
SharpSpectrumVAEXL,Civitai,VAE,SDXL,714.1K,4.1,Color Enhancement,Any GPU 8GB+,SDXL,enhancement,color,production,vae,2024-12-16,48,68108,community,2024-12-15,True,Color enhancement VAE,Enhanced VAE for improved color saturation and detail,Color enhancement,Improved colors detail enhancement,Enhanced colors,Free download,Community,Open Source,335MB,Color enhancement training
SDXL VAE,Civitai,VAE,SDXL,High,4.2,Standard Enhancement,Any GPU 8GB+,SDXL,enhancement,standard,production,vae,2024-12-09,60,45524,community,2024-12-15,True,Standard SDXL VAE,Official SDXL VAE for standard image enhancement,Standard enhancement,Official SDXL compatibility reliable,Standard quality,Free download,Stability AI,CreativeML Open RAIL++,335MB,Standard SDXL training
EasyNegative,Civitai,Embedding,Universal,5M+,5.0,Quality Improvement,Any GPU 4GB+,Universal,quality,negative,production,embedding,2024-09-06,90,90837,community,2024-12-15,True,Universal quality tool,Essential negative embedding for artifact suppression,Quality improvement,Universal compatibility essential tool,Quality consistency,Free download,Community,Open Source,4KB,Negative example datasets
Makoto Shinkai Style,Civitai,LoRA,SDXL,27K,4.4,Artistic Style,Any GPU 6GB+,SDXL,artistic,style,production,lora,2024-10-27,70,14965,community,2024-12-24,True,Your Name art style,High-fidelity replication of Makoto Shinkai's distinctive animation style,Artistic style replication,High fidelity animation style,Animation quality,Free download,Community,Open Source,150MB,Makoto Shinkai artwork
Studio Ghibli Style,Civitai,LoRA,Illustrious XL,14K,4.8,Artistic Style,Any GPU 6GB+,Illustrious XL,artistic,style,production,lora,2024-10-26,82,50251,community,2024-12-17,True,Ghibli animation style,Faithful recreation of Studio Ghibli's iconic animation aesthetic,Artistic style replication,Studio Ghibli aesthetic faithful recreation,Animation quality,Free download,Community,Open Source,150MB,Studio Ghibli artwork
Wlop Art Style,Civitai,LoRA,NoobAI XL,53K,4.0,Artistic Style,Any GPU 6GB+,NoobAI XL,artistic,style,production,lora,2025-08-09,47,31358,community,2025-09-10,True,WLOP digital art style,Replication of WLOP's distinctive digital painting style,Artistic style replication,Digital painting style high fidelity,Digital art quality,Free download,Community,Open Source,150MB,WLOP artwork collection
Samdoesarts Style,Civitai,LoRA,Pony Diffusion V6,10K,4.9,Artistic Style,Any GPU 6GB+,Pony Diffusion V6,artistic,style,production,lora,2025-05-07,47,48008,community,2025-06-22,True,Samdoesarts style,High-quality replication of Samdoesarts' distinctive art style,Artistic style replication,Samdoesarts aesthetic high quality,Digital art style,Free download,Community,Open Source,150MB,Samdoesarts artwork
ChannelCastStation Style,Civitai,LoRA,WAN,39K,4.4,Artistic Style,Any GPU 6GB+,WAN,artistic,style,production,lora,2024-09-10,32,22449,community,2024-10-31,True,ChannelCastStation aesthetic,Artistic style replication with high fidelity for WAN models,Artistic style replication,ChannelCastStation aesthetic WAN compatible,Video art style,Free download,Community,Open Source,150MB,ChannelCastStation artwork
Guweiz Art Style,Civitai,LoRA,FLUX,38K,4.6,Artistic Style,Any GPU 6GB+,FLUX,artistic,style,production,lora,2024-09-23,97,24040,community,2024-11-18,True,Guweiz digital art,High-fidelity recreation of Guweiz's distinctive digital art style,Artistic style replication,Guweiz aesthetic FLUX compatibility,Digital art quality,Free download,Community,Open Source,150MB,Guweiz artwork collection
Ross Tran Style,Civitai,LoRA,SD 1.5,52K,4.7,Artistic Style,Any GPU 6GB+,SD 1.5,artistic,style,production,lora,2025-03-20,45,48033,community,2025-05-13,True,Ross Tran art style,Faithful reproduction of Ross Tran's vibrant digital art style,Artistic style replication,Ross Tran aesthetic vibrant colors,Digital art vibrancy,Free download,Community,Open Source,150MB,Ross Tran artwork
Kuvshinov Ilya Style,Civitai,LoRA,SDXL,52K,4.3,Artistic Style,Any GPU 6GB+,SDXL,artistic,style,production,lora,2025-01-06,26,25883,community,2025-02-12,True,Kuvshinov Ilya aesthetic,Distinctive anime-influenced art style with unique character design,Artistic style replication,Anime-influenced distinctive character design,Character design quality,Free download,Community,Open Source,150MB,Kuvshinov Ilya artwork
Artgerm Style,Civitai,LoRA,Illustrious XL,11K,4.7,Artistic Style,Any GPU 6GB+,Illustrious XL,artistic,style,production,lora,2024-08-19,53,15963,community,2024-10-15,True,Artgerm comic style,High-quality replication of Artgerm's distinctive comic art style,Artistic style replication,Comic art style high quality,Comic art aesthetic,Free download,Community,Open Source,150MB,Artgerm artwork collection
Greg Rutkowski Style,Civitai,LoRA,NoobAI XL,21K,4.2,Artistic Style,Any GPU 6GB+,NoobAI XL,artistic,style,production,lora,2025-05-18,20,58886,community,2025-06-01,True,Fantasy art master,Replication of Greg Rutkowski's epic fantasy art style,Artistic style replication,Fantasy art epic style,Fantasy art quality,Free download,Community,Open Source,150MB,Greg Rutkowski artwork
Loish Art Style,Civitai,LoRA,Pony Diffusion V6,42K,4.5,Artistic Style,Any GPU 6GB+,Pony Diffusion V6,artistic,style,production,lora,2025-01-01,56,11931,community,2025-01-03,True,Loish digital art,Vibrant digital art style with distinctive character design,Artistic style replication,Vibrant digital art distinctive characters,Character art quality,Free download,Community,Open Source,150MB,Loish artwork collection
WLOP Digital Painting,Civitai,LoRA,WAN,15K,4.2,Artistic Style,Any GPU 6GB+,WAN,artistic,style,production,lora,2025-04-26,77,19195,community,2025-06-06,True,WLOP digital painting,High-quality digital painting style with ethereal aesthetic,Artistic style replication,Digital painting ethereal aesthetic,Digital painting quality,Free download,Community,Open Source,150MB,WLOP digital paintings
Sakimichan Style,Civitai,LoRA,FLUX,12K,4.2,Artistic Style,Any GPU 6GB+,FLUX,artistic,style,production,lora,2025-02-09,97,57295,community,2025-03-13,True,Sakimichan art style,Distinctive anime-influenced art with vibrant colors and detail,Artistic style replication,Anime-influenced vibrant detailed,Anime art quality,Free download,Community,Open Source,150MB,Sakimichan artwork
RossDraws Style,Civitai,LoRA,SD 1.5,21K,4.5,Artistic Style,Any GPU 6GB+,SD 1.5,artistic,style,production,lora,2024-09-26,14,59953,community,2024-11-10,True,RossDraws aesthetic,Colorful character-focused art style with dynamic poses,Artistic style replication,Colorful character-focused dynamic,Character art dynamics,Free download,Community,Open Source,150MB,RossDraws artwork
James Jean Style,Civitai,LoRA,SDXL,54K,4.7,Artistic Style,Any GPU 6GB+,SDXL,artistic,style,production,lora,2025-03-11,24,20338,community,2025-05-06,True,James Jean surreal art,Surreal artistic style with intricate detail and imagination,Artistic style replication,Surreal intricate imaginative,Surreal art quality,Free download,Community,Open Source,150MB,James Jean artwork
Kim Jung Gi Line Art,Civitai,LoRA,Illustrious XL,32K,4.6,Artistic Style,Any GPU 6GB+,Illustrious XL,artistic,style,production,lora,2025-01-06,1,36191,community,2025-02-20,True,Master line artist,Incredible line art technique with perfect perspective and detail,Artistic style replication,Master line art perfect perspective,Line art mastery,Free download,Community,Open Source,150MB,Kim Jung Gi line art
Yoji Shinkawa Style,Civitai,LoRA,NoobAI XL,56K,4.3,Artistic Style,Any GPU 6GB+,NoobAI XL,artistic,style,production,lora,2024-09-07,13,57809,community,2024-10-05,True,Metal Gear artist,Distinctive ink and watercolor style from Metal Gear series,Artistic style replication,Ink watercolor Metal Gear style,Concept art quality,Free download,Community,Open Source,150MB,Yoji Shinkawa artwork
Moebius Style,Civitai,LoRA,Pony Diffusion V6,11K,4.6,Artistic Style,Any GPU 6GB+,Pony Diffusion V6,artistic,style,production,lora,2025-01-02,78,34866,community,2025-02-24,True,Moebius sci-fi art,Iconic sci-fi comic art style with distinctive linework,Artistic style replication,Sci-fi comic distinctive linework,Sci-fi art quality,Free download,Community,Open Source,150MB,Moebius comic art
Junji Ito Horror Style,Civitai,LoRA,WAN,58K,4.6,Artistic Style,Any GPU 6GB+,WAN,horror,style,production,lora,2024-10-17,97,53323,community,2024-10-27,True,Horror manga master,Distinctive horror manga style with intricate disturbing detail,Artistic style replication,Horror manga intricate disturbing,Horror art quality,Free download,Community,Open Source,150MB,Junji Ito manga
Hirohiko Araki Style,Civitai,LoRA,FLUX,52K,4.6,Artistic Style,Any GPU 6GB+,FLUX,artistic,style,production,lora,2024-10-03,7,12329,community,2024-11-14,True,JoJo art style,Distinctive JoJo's Bizarre Adventure art style with dramatic poses,Artistic style replication,JoJo dramatic poses distinctive,Manga art style,Free download,Community,Open Source,150MB,JoJo manga artwork
ONE Style,Civitai,LoRA,SD 1.5,15K,4.7,Artistic Style,Any GPU 6GB+,SD 1.5,artistic,style,production,lora,2025-08-07,63,11025,community,2025-08-26,True,ONE manga style,Simple yet expressive manga style from Mob Psycho creator,Artistic style replication,Simple expressive manga style,Minimalist manga quality,Free download,Community,Open Source,150MB,ONE manga artwork
Kentaro Miura Style,Civitai,LoRA,SDXL,14K,4.8,Artistic Style,Any GPU 6GB+,SDXL,artistic,style,production,lora,2025-06-14,94,40566,community,2025-07-22,True,Berserk art master,Incredibly detailed dark fantasy art style from Berserk,Artistic style replication,Dark fantasy incredibly detailed,Dark fantasy mastery,Free download,Community,Open Source,150MB,Berserk manga artwork
Yoshitaka Amano Style,Civitai,LoRA,Illustrious XL,59K,4.2,Artistic Style,Any GPU 6GB+,Illustrious XL,artistic,style,production,lora,2025-02-04,30,40992,community,2025-03-17,True,Final Fantasy artist,Ethereal fantasy art style with watercolor techniques,Artistic style replication,Ethereal fantasy watercolor techniques,Fantasy art ethereal,Free download,Community,Open Source,150MB,Yoshitaka Amano artwork
Range Murata Style,Civitai,LoRA,NoobAI XL,45K,5.0,Artistic Style,Any GPU 6GB+,NoobAI XL,artistic,style,production,lora,2024-12-19,96,54905,community,2025-01-02,True,Last Exile artist,Clean mechanical art style with distinctive character design,Artistic style replication,Clean mechanical distinctive design,Mechanical art quality,Free download,Community,Open Source,150MB,Range Murata artwork
Katsuhiro Otomo Style,Civitai,LoRA,Pony Diffusion V6,41K,4.5,Artistic Style,Any GPU 6GB+,Pony Diffusion V6,artistic,style,production,lora,2024-09-10,74,27548,community,2024-10-11,True,Akira creator style,Detailed cyberpunk manga style with incredible backgrounds,Artistic style replication,Cyberpunk detailed incredible backgrounds,Cyberpunk art mastery,Free download,Community,Open Source,150MB,Akira manga artwork
Studio Trigger Style,Civitai,LoRA,WAN,11K,4.8,Artistic Style,Any GPU 6GB+,WAN,artistic,style,production,lora,2025-06-04,26,49097,community,2025-07-03,True,Dynamic anime studio,High-energy dynamic animation style with bold colors,Artistic style replication,High-energy dynamic bold colors,Animation dynamism,Free download,Community,Open Source,150MB,Studio Trigger animations
KyoAni Style,Civitai,LoRA,FLUX,57K,4.8,Artistic Style,Any GPU 6GB+,FLUX,artistic,style,production,lora,2024-12-14,85,38585,community,2025-01-16,True,Kyoto Animation,Detailed character animation with exceptional quality and emotion,Artistic style replication,Detailed character exceptional emotion,Animation quality mastery,Free download,Community,Open Source,150MB,KyoAni animations
Ufotable Style,Civitai,LoRA,SD 1.5,51K,4.8,Artistic Style,Any GPU 6GB+,SD 1.5,artistic,style,production,lora,2025-02-24,76,20253,community,2025-04-09,True,Fate series studio,High-quality 2D/3D blend animation with cinematic effects,Artistic style replication,2D/3D blend cinematic effects,Cinematic animation quality,Free download,Community,Open Source,150MB,Ufotable animations
A-1 Pictures Style,Civitai,LoRA,SDXL,23K,4.3,Artistic Style,Any GPU 6GB+,SDXL,artistic,style,production,lora,2025-06-20,61,19032,community,2025-07-15,True,Versatile anime studio,Clean versatile animation style across multiple genres,Artistic style replication,Clean versatile multi-genre,Animation versatility,Free download,Community,Open Source,150MB,A-1 Pictures animations
Wit Studio Style,Civitai,LoRA,Illustrious XL,19K,4.8,Artistic Style,Any GPU 6GB+,Illustrious XL,artistic,style,production,lora,2025-01-28,75,39763,community,2025-03-14,True,Attack on Titan studio,Gritty realistic animation with detailed backgrounds,Artistic style replication,Gritty realistic detailed backgrounds,Realistic animation quality,Free download,Community,Open Source,150MB,Wit Studio animations
MAPPA Style,Civitai,LoRA,NoobAI XL,15K,4.5,Artistic Style,Any GPU 6GB+,NoobAI XL,artistic,style,production,lora,2024-09-25,67,18664,community,2024-11-09,True,Modern anime powerhouse,Contemporary high-quality animation with dynamic action,Artistic style replication,Contemporary high-quality dynamic action,Modern animation quality,Free download,Community,Open Source,150MB,MAPPA animations
CloverWorks Style,Civitai,LoRA,Pony Diffusion V6,38K,4.5,Artistic Style,Any GPU 6GB+,Pony Diffusion V6,artistic,style,production,lora,2024-09-11,38,45695,community,2024-10-14,True,Quality anime studio,Consistent high-quality animation with attention to detail,Artistic style replication,Consistent high-quality attention detail,Animation consistency,Free download,Community,Open Source,150MB,CloverWorks animations
Studio Pierrot Style,Civitai,LoRA,WAN,52K,4.3,Artistic Style,Any GPU 6GB+,WAN,artistic,style,production,lora,2024-12-08,92,33697,community,2025-01-04,True,Long-running anime studio,Classic anime style with character-driven storytelling,Artistic style replication,Classic anime character-driven storytelling,Classic animation quality,Free download,Community,Open Source,150MB,Studio Pierrot animations
Madhouse Style,Civitai,LoRA,FLUX,11K,4.2,Artistic Style,Any GPU 6GB+,FLUX,artistic,style,production,lora,2025-01-12,56,14133,community,2025-01-18,True,Legendary anime studio,High-quality diverse animation styles across multiple genres,Artistic style replication,High-quality diverse multi-genre,Animation diversity,Free download,Community,Open Source,150MB,Madhouse animations
Bones Studio Style,Civitai,LoRA,SD 1.5,54K,4.4,Artistic Style,Any GPU 6GB+,SD 1.5,artistic,style,production,lora,2024-08-18,71,54643,community,2024-09-18,True,Action anime specialists,Dynamic action animation with fluid movement,Artistic style replication,Dynamic action fluid movement,Action animation quality,Free download,Community,Open Source,150MB,Bones Studio animations
Hatsune Miku,Civitai,LoRA,Illustrious XL,46K,4.1,Character,Any GPU 6GB+,Illustrious XL,anime,character,production,lora,2024-11-03,75,36899,community,2024-11-05,True,Virtual idol character,Iconic Vocaloid character with consistent appearance,Character consistency,Vocaloid icon consistent appearance,Character accuracy,Free download,Community,Open Source,150MB,Hatsune Miku references
Kasane Teto,Civitai,LoRA,NoobAI XL,58K,4.5,Character,Any GPU 6GB+,NoobAI XL,anime,character,production,lora,2025-06-19,137,104860,community,2025-08-14,True,UTAU/SynthV character,Popular vocal synthesizer character with distinctive design,Character consistency,UTAU/SynthV distinctive design,Character design accuracy,Free download,Community,Open Source,150MB,Kasane Teto references
Zundamon,Civitai,LoRA,Pony Diffusion V6,54K,4.0,Character,Any GPU 6GB+,Pony Diffusion V6,anime,character,production,lora,2024-10-24,118,41977,community,2024-12-20,True,Mascot character,Distinctive mascot character with unique design,Character consistency,Mascot distinctive unique design,Mascot character accuracy,Free download,Community,Open Source,150MB,Zundamon references
Kagamine Rin/Len,Civitai,LoRA,SDXL,104K,4.9,Character,Any GPU 6GB+,SDXL,anime,character,production,lora,2025-02-02,121,41695,community,2025-02-15,True,Twin Vocaloid characters,Popular twin Vocaloid characters with matching designs,Character consistency,Twin Vocaloids matching designs,Character pair accuracy,Free download,Community,Open Source,150MB,Kagamine twins references
Megurine Luka,Civitai,LoRA,WAN,75K,4.8,Character,Any GPU 6GB+,WAN,anime,character,production,lora,2025-07-17,114,50814,community,2025-07-31,True,Mature Vocaloid character,Elegant mature Vocaloid with distinctive pink hair,Character consistency,Mature Vocaloid elegant distinctive,Character elegance accuracy,Free download,Community,Open Source,150MB,Megurine Luka references
GUMI,Civitai,LoRA,WAN,36K,4.4,Character,Any GPU 6GB+,WAN,anime,character,production,lora,2025-01-03,136,80309,community,2025-02-06,True,Green-haired Vocaloid,Distinctive green-haired Vocaloid character,Character consistency,Green-haired Vocaloid distinctive,Character color accuracy,Free download,Community,Open Source,150MB,GUMI Vocaloid references
IA Vocaloid,Civitai,LoRA,Qwen2-VL,45K,4.9,Character,Any GPU 6GB+,Qwen2-VL,anime,character,production,lora,2024-12-06,18,89487,community,2025-01-22,True,Silver-haired Vocaloid,Elegant silver-haired Vocaloid with unique design,Character consistency,Silver-haired elegant unique design,Character uniqueness accuracy,Free download,Community,Open Source,150MB,IA Vocaloid references
Blue Archive - Arona,Civitai,LoRA,Illustrious XL,45K,4.0,Character,Any GPU 6GB+,Illustrious XL,anime,character,production,lora,2025-02-04,78,28847,community,2025-02-23,True,Blue Archive mascot,AI assistant character from Blue Archive mobile game,Character consistency,Blue Archive AI assistant,Game character accuracy,Free download,Community,Open Source,150MB,Blue Archive game assets
Blue Archive - Shiroko,Civitai,LoRA,NoobAI XL,61K,4.4,Character,Any GPU 6GB+,NoobAI XL,anime,character,production,lora,2024-10-03,28,37989,community,2024-11-24,True,Wolf girl character,Popular wolf-eared character from Blue Archive,Character consistency,Wolf-eared Blue Archive popular,Game character design,Free download,Community,Open Source,150MB,Blue Archive game assets
Blue Archive - Hoshino,Civitai,LoRA,Pony Diffusion V6,64K,4.2,Character,Any GPU 6GB+,Pony Diffusion V6,anime,character,production,lora,2024-09-08,8,45728,community,2024-10-14,True,Student council president,Leadership character with distinctive uniform,Character consistency,Student council distinctive uniform,Leadership character design,Free download,Community,Open Source,150MB,Blue Archive game assets
Blue Archive - Aru,Civitai,LoRA,SDXL,88K,4.5,Character,Any GPU 6GB+,SDXL,anime,character,production,lora,2025-04-21,67,38949,community,2025-05-21,True,Problem solver member,Energetic character with unique personality,Character consistency,Problem solver energetic unique,Character personality design,Free download,Community,Open Source,150MB,Blue Archive game assets
Blue Archive - Serika,Civitai,LoRA,WAN,69K,4.4,Character,Any GPU 6GB+,WAN,anime,character,production,lora,2025-02-03,83,80633,community,2025-03-18,True,Gentle character,Kind-hearted character with soft appearance,Character consistency,Kind-hearted soft appearance,Character gentleness design,Free download,Community,Open Source,150MB,Blue Archive game assets
Blue Archive - Nonomi,Civitai,LoRA,WAN,89K,4.6,Character,Any GPU 6GB+,WAN,anime,character,production,lora,2024-12-24,86,97859,community,2025-01-16,True,Shy character,Reserved character with distinctive design,Character consistency,Reserved distinctive design,Character shyness design,Free download,Community,Open Source,150MB,Blue Archive game assets
Blue Archive - Izuna,Civitai,LoRA,Qwen2-VL,72K,4.9,Character,Any GPU 6GB+,Qwen2-VL,anime,character,production,lora,2025-04-10,56,67232,community,2025-06-03,True,Fox ninja character,Ninja character with fox-like features,Character consistency,Fox ninja distinctive features,Ninja character design,Free download,Community,Open Source,150MB,Blue Archive game assets
Blue Archive - Yuuka,Civitai,LoRA,Illustrious XL,95K,4.9,Character,Any GPU 6GB+,Illustrious XL,anime,character,production,lora,2025-02-18,25,109554,community,2025-02-25,True,Serious student,Studious character with mature appearance,Character consistency,Studious mature appearance,Academic character design,Free download,Community,Open Source,150MB,Blue Archive game assets
Genshin Impact - Hu Tao,Civitai,LoRA,NoobAI XL,46K,4.4,Character,Any GPU 6GB+,NoobAI XL,anime,character,production,lora,2024-12-07,123,29761,community,2025-01-27,True,Pyro character,Energetic funeral parlor director with fire powers,Character consistency,Pyro energetic funeral director,Elemental character design,Free download,Community,Open Source,150MB,Genshin Impact assets
Genshin Impact - Ganyu,Civitai,LoRA,Pony Diffusion V6,39K,5.0,Character,Any GPU 6GB+,Pony Diffusion V6,anime,character,production,lora,2025-01-01,111,75508,community,2025-01-19,True,Cryo archer,Half-adeptus archer with ice powers,Character consistency,Cryo half-adeptus archer,Mystical character design,Free download,Community,Open Source,150MB,Genshin Impact assets
Genshin Impact - Raiden,Civitai,LoRA,SDXL,117K,5.0,Character,Any GPU 6GB+,SDXL,anime,character,production,lora,2025-03-13,55,48193,community,2025-04-19,True,Electro Archon,Powerful ruler with lightning abilities,Character consistency,Electro Archon lightning powerful,Divine character design,Free download,Community,Open Source,150MB,Genshin Impact assets
Genshin Impact - Yae Miko,Civitai,LoRA,WAN,88K,4.7,Character,Any GPU 6GB+,WAN,anime,character,production,lora,2024-08-19,106,105376,community,2024-09-26,True,Electro catalyst user,Elegant shrine maiden with fox heritage,Character consistency,Electro elegant fox heritage,Mystical shrine maiden design,Free download,Community,Open Source,150MB,Genshin Impact assets
Genshin Impact - Nahida,Civitai,LoRA,WAN,67K,5.0,Character,Any GPU 6GB+,WAN,anime,character,production,lora,2024-09-27,103,64490,community,2024-10-30,True,Dendro Archon,Young Archon of wisdom and nature,Character consistency,Dendro wisdom nature young,Divine wisdom design,Free download,Community,Open Source,150MB,Genshin Impact assets
Genshin Impact - Furina,Civitai,LoRA,Qwen2-VL,67K,4.6,Character,Any GPU 6GB+,Qwen2-VL,anime,character,production,lora,2025-03-31,137,91291,community,2025-05-11,True,Hydro Archon,Dramatic performer with water abilities,Character consistency,Hydro dramatic performer water,Theatrical character design,Free download,Community,Open Source,150MB,Genshin Impact assets
Genshin Impact - Keqing,Civitai,LoRA,Illustrious XL,28K,4.0,Character,Any GPU 6GB+,Illustrious XL,anime,character,production,lora,2025-05-13,74,56537,community,2025-05-25,True,Electro sword user,Hardworking leader with lightning abilities,Character consistency,Electro hardworking lightning leader,Leadership character design,Free download,Community,Open Source,150MB,Genshin Impact assets
Genshin Impact - Ayaka,Civitai,LoRA,NoobAI XL,71K,4.2,Character,Any GPU 6GB+,NoobAI XL,anime,character,production,lora,2025-02-19,11,20262,community,2025-04-16,True,Cryo sword user,Elegant princess with ice abilities,Character consistency,Cryo elegant princess ice,Royal character design,Free download,Community,Open Source,150MB,Genshin Impact assets
Genshin Impact - Yelan,Civitai,LoRA,Pony Diffusion V6,48K,4.5,Character,Any GPU 6GB+,Pony Diffusion V6,anime,character,production,lora,2025-07-08,28,41980,community,2025-08-31,True,Hydro bow user,Mysterious intelligence agent with water powers,Character consistency,Hydro mysterious intelligence agent,Spy character design,Free download,Community,Open Source,150MB,Genshin Impact assets
Arknights - Amiya,Civitai,LoRA,SDXL,84K,4.9,Character,Any GPU 6GB+,SDXL,anime,character,production,lora,2025-05-30,130,34426,community,2025-07-24,True,Cautus operator,Rabbit-eared leader with determination,Character consistency,Cautus rabbit-eared determined leader,Leadership character design,Free download,Community,Open Source,150MB,Arknights game assets
Arknights - Texas,Civitai,LoRA,WAN,96K,5.0,Character,Any GPU 6GB+,WAN,anime,character,production,lora,2025-04-04,49,63491,community,2025-05-11,True,Lupo operator,Wolf-featured operator with combat expertise,Character consistency,Lupo wolf-featured combat expert,Combat character design,Free download,Community,Open Source,150MB,Arknights game assets
Arknights - Exusiai,Civitai,LoRA,WAN,66K,4.9,Character,Any GPU 6GB+,WAN,anime,character,production,lora,2024-11-28,108,24297,community,2025-01-11,True,Sankta operator,Angel-featured sniper with cheerful personality,Character consistency,Sankta angel-featured cheerful sniper,Angelic character design,Free download,Community,Open Source,150MB,Arknights game assets
Arknights - SilverAsh,Civitai,LoRA,Qwen2-VL,91K,4.7,Character,Any GPU 6GB+,Qwen2-VL,anime,character,production,lora,2024-10-21,51,26094,community,2024-10-28,True,Feline operator,Elegant male operator with leadership qualities,Character consistency,Feline elegant male leadership,Male character design,Free download,Community,Open Source,150MB,Arknights game assets
Honkai Star Rail - Kafka,Civitai,LoRA,Illustrious XL,78K,4.3,Character,Any GPU 6GB+,Illustrious XL,anime,character,production,lora,2025-01-13,114,100024,community,2025-01-18,True,Stellaron Hunter,Mysterious operative with elegant design,Character consistency,Stellaron Hunter mysterious elegant,Mystery character design,Free download,Community,Open Source,150MB,Honkai Star Rail assets
Honkai Star Rail - Silver Wolf,Civitai,LoRA,NoobAI XL,26K,4.5,Character,Any GPU 6GB+,NoobAI XL,anime,character,production,lora,2024-09-25,72,37474,community,2024-11-23,True,Hacker character,Skilled hacker with cyberpunk aesthetic,Character consistency,Hacker cyberpunk aesthetic skilled,Cyberpunk character design,Free download,Community,Open Source,150MB,Honkai Star Rail assets
Honkai Star Rail - Fu Xuan,Civitai,LoRA,Pony Diffusion V6,60K,5.0,Character,Any GPU 6GB+,Pony Diffusion V6,anime,character,production,lora,2025-04-25,149,110112,community,2025-06-20,True,Divination master,Wise diviner with mystical abilities,Character consistency,Divination wise mystical abilities,Mystical character design,Free download,Community,Open Source,150MB,Honkai Star Rail assets
Honkai Star Rail - Jingliu,Civitai,LoRA,SDXL,69K,4.9,Character,Any GPU 6GB+,SDXL,anime,character,production,lora,2025-08-01,98,41245,community,2025-09-05,True,Sword master,Legendary swordsman with ice powers,Character consistency,Sword master legendary ice powers,Warrior character design,Free download,Community,Open Source,150MB,Honkai Star Rail assets
Azur Lane - Enterprise,Civitai,LoRA,WAN,44K,4.6,Character,Any GPU 6GB+,WAN,anime,character,production,lora,2024-09-20,127,101278,community,2024-11-07,True,Aircraft carrier shipgirl,Powerful carrier with determined personality,Character consistency,Aircraft carrier determined powerful,Naval character design,Free download,Community,Open Source,150MB,Azur Lane game assets
Azur Lane - Belfast,Civitai,LoRA,WAN,114K,4.9,Character,Any GPU 6GB+,WAN,anime,character,production,lora,2024-11-11,81,45229,community,2024-12-25,True,Maid shipgirl,Elegant maid with perfect service,Character consistency,Maid elegant perfect service,Maid character design,Free download,Community,Open Source,150MB,Azur Lane game assets
Fate/GO - Artoria,Civitai,LoRA,Qwen2-VL,99K,4.3,Character,Any GPU 6GB+,Qwen2-VL,anime,character,production,lora,2025-03-06,24,33706,community,2025-04-10,True,King of Knights,Legendary king with noble bearing,Character consistency,King of Knights legendary noble,Royal character design,Free download,Community,Open Source,150MB,Fate series assets
Fate/GO - Mash,Civitai,LoRA,Illustrious XL,24K,4.4,Character,Any GPU 6GB+,Illustrious XL,anime,character,production,lora,2025-02-25,103,99331,community,2025-02-27,True,Shielder servant,Protective servant with shield specialization,Character consistency,Shielder protective shield specialization,Guardian character design,Free download,Community,Open Source,150MB,Fate series assets
Fate/GO - Jeanne d'Arc,Civitai,LoRA,NoobAI XL,99K,4.7,Character,Any GPU 6GB+,NoobAI XL,anime,character,production,lora,2024-09-23,2,58418,community,2024-10-30,True,Saint of Orleans,Holy saint with divine powers,Character consistency,Saint divine powers holy,Divine character design,Free download,Community,Open Source,150MB,Fate series assets
Uma Musume - Daiwa Scarlet,Civitai,LoRA,Pony Diffusion V6,105K,4.6,Character,Any GPU 6GB+,Pony Diffusion V6,anime,character,production,lora,2025-06-06,119,113278,community,2025-06-20,True,Racehorse girl,Competitive horse girl with racing spirit,Character consistency,Racehorse competitive racing spirit,Sports character design,Free download,Community,Open Source,150MB,Uma Musume game assets
Uma Musume - Gold Ship,Civitai,LoRA,SDXL,58K,4.6,Character,Any GPU 6GB+,SDXL,anime,character,production,lora,2025-06-13,29,92806,community,2025-06-30,True,Eccentric racehorse,Unique personality with unpredictable nature,Character consistency,Eccentric unpredictable unique personality,Quirky character design,Free download,Community,Open Source,150MB,Uma Musume game assets
Nikke - Rapi,Civitai,LoRA,WAN,22K,4.7,Character,Any GPU 6GB+,WAN,anime,character,production,lora,2024-12-08,12,101245,community,2024-12-31,True,Combat android,Serious combat android with dedication,Character consistency,Combat android serious dedicated,Android character design,Free download,Community,Open Source,150MB,Nikke game assets
Nikke - Anis,Civitai,LoRA,WAN,37K,4.9,Character,Any GPU 6GB+,WAN,anime,character,production,lora,2024-09-22,21,101923,community,2024-11-12,True,Cheerful android,Energetic android with positive attitude,Character consistency,Cheerful energetic positive android,Upbeat character design,Free download,Community,Open Source,150MB,Nikke game assets
Nikke - Neon,Civitai,LoRA,Qwen2-VL,85K,4.3,Character,Any GPU 6GB+,Qwen2-VL,anime,character,production,lora,2024-09-03,41,108877,community,2024-10-29,True,Speed android,Fast android with competitive spirit,Character consistency,Speed competitive fast android,Speed character design,Free download,Community,Open Source,150MB,Nikke game assets
Princess Connect - Pecorine,Civitai,LoRA,Illustrious XL,79K,4.5,Character,Any GPU 6GB+,Illustrious XL,anime,character,production,lora,2025-01-05,25,36911,community,2025-01-29,True,Princess character,Cheerful princess with big appetite,Character consistency,Princess cheerful big appetite,Royal character design,Free download,Community,Open Source,150MB,Princess Connect assets
Princess Connect - Kyaru,Civitai,LoRA,NoobAI XL,23K,4.1,Character,Any GPU 6GB+,NoobAI XL,anime,character,production,lora,2024-12-08,51,43967,community,2024-12-14,True,Cat girl mage,Tsundere cat girl with magical abilities,Character consistency,Cat girl tsundere magical abilities,Tsundere character design,Free download,Community,Open Source,150MB,Princess Connect assets
Hololive - Gawr Gura,Civitai,LoRA,Pony Diffusion V6,118K,5.0,Character,Any GPU 6GB+,Pony Diffusion V6,anime,character,production,lora,2024-12-29,98,119304,community,2025-02-12,True,Shark VTuber,Popular shark-themed virtual YouTuber,Character consistency,Shark VTuber popular themed,VTuber character design,Free download,Community,Open Source,150MB,Hololive VTuber assets
Hololive - Usada Pekora,Civitai,LoRA,SDXL,114K,4.2,Character,Any GPU 6GB+,SDXL,anime,character,production,lora,2025-03-19,149,55525,community,2025-05-07,True,Rabbit VTuber,Energetic rabbit-themed virtual YouTuber,Character consistency,Rabbit energetic VTuber themed,Energetic character design,Free download,Community,Open Source,150MB,Hololive VTuber assets
Hololive - Inugami Korone,Civitai,LoRA,WAN,74K,4.9,Character,Any GPU 6GB+,WAN,anime,character,production,lora,2025-04-09,105,64381,community,2025-05-20,True,Dog VTuber,Playful dog-themed virtual YouTuber,Character consistency,Dog playful VTuber themed,Playful character design,Free download,Community,Open Source,150MB,Hololive VTuber assets
Nijisanji - Tsukino Mito,Civitai,LoRA,WAN,81K,4.6,Character,Any GPU 6GB+,WAN,anime,character,production,lora,2025-07-29,35,119775,community,2025-09-09,True,Original VTuber,Pioneer virtual YouTuber with elegant design,Character consistency,Original pioneer elegant VTuber,Pioneer character design,Free download,Community,Open Source,150MB,Nijisanji VTuber assets
Nijisanji - Kuzuha,Civitai,LoRA,Qwen2-VL,28K,4.3,Character,Any GPU 6GB+,Qwen2-VL,anime,character,production,lora,2025-05-03,136,65059,community,2025-05-11,True,Vampire VTuber,Cool vampire-themed virtual YouTuber,Character consistency,Vampire cool themed VTuber,Gothic character design,Free download,Community,Open Source,150MB,Nijisanji VTuber assets
FLUX.1 Kontext Dev,Fal.ai,Image-to-Image,FLUX,12K,4.6,Reference-guided editing,24GB VRAM,Rectified Flow Transformer,artistic,editing,high,image-to-image,2024-10-05,72,30000,fal.ai,2024-12-15,True,Reference-guided editing,Apply precise edits with reference images,Editing with references,Precise control;Reference conditioning,Kontext control,Black Forest Labs,Apache-2.0,12B,Curated high-quality datasets
FLUX.1 Krea Dev,Fal.ai,Text-to-Image,FLUX,9K,4.5,Aesthetic-focused variant,16GB VRAM,Rectified Flow Transformer,artistic,concept,high,text-to-image,2024-10-12,64,21000,fal.ai,2024-12-15,True,Aesthetic-focused FLUX dev,Aesthetic-first text-to-image variant,Aesthetic generation,Style-forward prompts;High fidelity,Aesthetic tuning,Black Forest Labs,Apache-2.0,12B,Curated aesthetic datasets
Stable Diffusion 3 Medium,Fal.ai,Text-to-Image,SD 3.x,14K,4.3,Typography-focused MMDiT,16GB VRAM,Multimodal Diffusion Transformer,artistic,concept,high,text-to-image,2024-09-30,58,24000,fal.ai,2024-12-15,True,Original SD3 Medium,SD3 medium model with typography focus,Advanced text rendering,Typography improvements;Prompt adherence,MMDiT baseline,Stability AI,Stability AI License,2B,Enhanced training data
Hunyuan Video (Tencent),Fal.ai,Image-to-Video,Hunyuan,7K,4.2,Long-form video generation,32GB VRAM,Transformer Video,video,concept,standard,image-to-video,2025-01-05,61,18000,fal.ai,2024-12-15,True,13B video transformer,High-quality long-form video generation,Video generation,Temporal coherence;Long-form capability,Video transformer,Tencent,Apache-2.0,13B,Licensed video datasets
Sana v1.5 (MIT),Fal.ai,Text-to-Image,Sana,6K,4.4,4K generation models,16GB VRAM,Flow Transformer,artistic,concept,high,text-to-image,2024-11-18,54,15000,fal.ai,2024-12-15,True,High-res open model,Generates high-resolution 4K images,4K generation,High-res fidelity;Open research,Flow-based generation,MIT,MIT,4.8B / 1.6B,Open research datasets
WAN 2.2,Fal.ai,Image-to-Video,WAN 2.2,11K,4.3,Video generation series,32GB VRAM,Transformer Video,video,concept,standard,image-to-video,2025-02-14,69,22000,fal.ai,2025-02-20,True,WAN 2.2 video models,Modern video generation architecture,Video generation,Fast motion;Detail retention,WAN series,WAN Team,Apache-2.0,Varies,Licensed + open datasets
